,quadratic_2,quadratic_5,quadratic_7,quadratic_10,quadratic_15,quadratic_20,quadratic_25,quadratic_30,quadratic_35,quadratic_40
0,0.0523239890152317,0.004945664513429764,0.0011254133148897913,0.001135977422469047,0.0008294620300588906,0.0005663777138046453,0.0006326917628150385,0.0004866678487578964,0.0004967183245481509,0.000387724598665455
2,0.07704463295341744,0.05611886596704349,0.04441587889138107,0.023492575388302586,0.011821627293206943,0.008571170139815678,0.008843901869694066,0.004777808894043458,0.010675238282066688,0.0817779516341728
5,0.0816174142881948,0.08926238056336766,0.05191986817296984,0.040710483913642764,0.030307189742222913,0.01895092371583537,0.01906199752040098,0.012403578333390813,0.012920484142267822,0.09718022239453944
7,0.09381828630000126,0.07085525023841682,0.06721605953031942,0.03769424469996063,0.0260186615052,0.026219014978966237,0.020705981708101763,0.016429985836483564,0.0649637614486912,0.07531642671833734
10,0.11687044608744683,0.08981021372968195,0.06532149125479711,0.04629960278278152,0.04292857139833469,0.031986842807818466,0.028870671308974583,0.019405433222834428,0.06648215224251437,0.0735911791920227
15,0.09858265034936974,0.08295432075233006,0.06293961268742215,0.06710998012730235,0.05678981429254296,0.047109538770615376,0.03165431892446449,0.06638810576474716,0.05492693201773115,0.06552366547241902
20,0.11045850272419959,0.08404688507690826,0.08633427040992181,0.0891159371235317,0.058113996623112785,0.04755384663293237,0.06894335539347168,0.06483139505625789,0.09383375419340476,0.08126906215588256
