,quadratic_2,quadratic_5,quadratic_7,quadratic_10,quadratic_15,quadratic_20,quadratic_25,quadratic_30,quadratic_35,quadratic_40
0,0.03385059541505203,0.002690855006465902,0.0007700619081289065,0.0003776846266601028,0.00046465092778586256,0.00021893007591050558,0.0003965840637857973,0.00017333143343379473,0.00023414174610956033,0.00029181071916418484
2,0.11571814281978929,0.047746685323609116,0.03943979436320297,0.03215251996197237,0.02343893509420277,0.02602430918290046,0.015976817652938367,0.026580470566480514,0.019369117390815014,0.015858982440200398
5,0.09650313327321193,0.0530799770369716,0.05234387811304399,0.038284448093082936,0.036785752521568904,0.03225156294863054,0.042106181016765866,0.04300784962038368,0.039872621423985594,0.05896610474756664
7,0.1117170750556925,0.07748548898884139,0.0659816499870778,0.052123960072198994,0.05216622071720087,0.05313296826960435,0.06390541615041899,0.04629749122567113,0.05509277986662152,0.05698259397763179
10,0.08522826967003833,0.07359175238916245,0.07783816538781085,0.09527109659754147,0.07520337201189171,0.08879514060077588,0.08674230247972547,0.06938649157340007,0.07649113525066327,0.06347106337372027
15,0.09788168082367596,0.09764830529410143,0.09812048486733868,0.1131349877626657,0.09344290117905413,0.09470455023048834,0.08280995936681054,0.08712720435906636,0.07582516446797292,0.0902455991041692
20,0.11258546029304126,0.11843403516161309,0.11531409784185474,0.1053818726742139,0.09522067210798305,0.0930245684194744,0.10404537081982433,0.10307477947483666,0.10447421500342267,0.09289819530889934
