,quadratic_2,quadratic_5,quadratic_7,quadratic_10,quadratic_15,quadratic_20,quadratic_25,quadratic_30,quadratic_35,quadratic_40
0,0.08044043825541898,0.003789883867352267,0.0024384965363220728,0.0014865765086425253,0.002521689410344317,0.0010473429951773415,0.0009389008003200813,0.0008984166449829419,0.0017849141612070031,0.0010753121048303264
2,0.12474988371025549,0.059488725669101725,0.06306900772703544,0.029379992792462055,0.008666255010563072,0.019462198705751325,0.008139424672532961,0.007294644304528336,0.009838065947053885,0.040425170822648265
5,0.1205650135398027,0.0726696046318532,0.04107689175585707,0.03444641276839599,0.027874812928304623,0.026461359357903877,0.018657438350914612,0.014872178256261793,0.014426610203174322,0.03806693242260306
7,0.15448639037224393,0.08983777776860809,0.04645881671771628,0.031759433164650665,0.026008649521336236,0.021311292639072797,0.018136802545944387,0.016395848996532163,0.038032856695582005,0.06629891038924356
10,0.09127987433725683,0.05105781760695227,0.05098361386546399,0.04488033716197112,0.03956572493186867,0.026446215995233915,0.032712556748272996,0.022139522466502803,0.038366575442091266,0.04318742469783405
15,0.07283375817743341,0.0723929948650762,0.07043509252029656,0.051336505213360854,0.046035982674715585,0.038504724382140275,0.06007858767275109,0.04685183608008037,0.04680466111254212,0.044684716779292664
20,0.0755968212721106,0.070148932277647,0.053738015782772194,0.07128708684825943,0.05852968256060603,0.04331832016525433,0.05119144419015606,0.05034357182397755,0.055016793313441226,0.056949614068672015
