linear_examples,quadratic_2,quadratic_5,quadratic_7,quadratic_10,quadratic_15,quadratic_20,quadratic_25,quadratic_30,quadratic_35,quadratic_40
0,0.4425329267978668,0.05245080962777138,0.03232425078749657,0.022039977833628654,0.017082305625081062,0.014261990785598755,0.013058069162070751,0.012374366633594036,0.014554988592863083,0.013253040611743927
2,2.593940019607544,0.9495987892150879,0.6322409510612488,0.35022640228271484,0.15706534683704376,0.14530295133590698,0.09669633209705353,0.09493693709373474,0.09526912868022919,0.9485111832618713
5,2.4081528186798096,1.2537291049957275,0.889072060585022,0.641680896282196,0.4350845217704773,0.34039071202278137,0.235122412443161,0.21350188553333282,0.20064111053943634,0.9336190819740295
7,2.4062623977661133,1.4520448446273804,1.0211093425750732,0.7279696464538574,0.5227072834968567,0.3873262405395508,0.3421146273612976,0.28239598870277405,1.0068973302841187,1.043400526046753
10,2.085806131362915,1.4036074876785278,1.2670395374298096,0.9447300434112549,0.758370578289032,0.5596071481704712,0.531436026096344,0.41362664103507996,1.0360170602798462,0.9767453670501709
15,2.009321928024292,1.6744353771209717,1.4287604093551636,1.1474636793136597,0.9992178082466125,0.8456621766090393,0.7759311199188232,1.2617748975753784,1.1425946950912476,1.117244839668274
20,2.0176682472229004,1.7127447128295898,1.4268465042114258,1.4081841707229614,1.2101693153381348,1.0495744943618774,1.4531141519546509,1.4130629301071167,1.3997509479522705,1.405776023864746
