,quadratic_2,quadratic_5,quadratic_7,quadratic_10,quadratic_15,quadratic_20,quadratic_25,quadratic_30,quadratic_35
0,0.19770435558346133,0.004098181224843795,0.006408752276821761,0.0014768263236904038,0.0007168090404553285,0.0006499754012171113,0.0009186660825514664,0.0016789427932970202,0.0004682765482915972
2,0.23351656837765888,0.12494574353201254,0.10054150893095,0.0860796585827418,0.03764394032547387,0.022718273780791307,0.06932942997479861,0.0499009823294558,0.021943641872882547
5,0.15320984132287854,0.14894513335518972,0.15094614652608715,0.19512529356195518,0.1494168380638832,0.12609674993579778,0.10253318583522106,0.08317849203062566,0.11913473389733949
7,0.2528509702965461,0.23047962278734727,0.20677606133538842,0.19412330756809032,0.15699235544292323,0.1785525473159389,0.14358279763873144,0.16879686173960404,0.20995400387736338
10,0.30996058671383536,0.281840657939525,0.18865957239910774,0.2597907552247506,0.15033124574511175,0.17864690958248358,0.24990105657071704,0.20481421916751005,0.34925572675980193
15,0.17956688836927934,0.2799275562813576,0.32445289821461243,0.23783590783271588,0.25300205654704755,0.501757704475554,0.2622041901436648,0.5227518160453278,0.23023092223738625
20,0.6227469234705717,0.3881900510882688,0.3049754868154958,0.3163689041645348,0.3841816539606819,0.38992815605720854,0.3311392378235212,0.2991264390581224,0.17643066247903955
25,0.47942514145726556,0.3454277108349573,0.3661480652077215,0.2892925314277832,0.2793212653908042,0.5047756443325192,0.2585296861660041,0.35385148901261837,0.24149412498979506
30,0.3243523250983206,0.35974198686165193,0.3307845796437537,0.2373519147045656,0.3768588222047239,0.3211760485568143,0.43637467641890276,0.33706484163443035,0.18278966631586674
