linear_examples,quadratic_2,quadratic_5,quadratic_7,quadratic_10,quadratic_15,quadratic_20,quadratic_25,quadratic_30,quadratic_35,quadratic_40
0,0.7610042095184326,0.02798551134765148,0.013000991195440292,0.007903993129730225,0.006472747307270765,0.005525227170437574,0.005993221886456013,0.005260339938104153,0.005428196396678686,0.005550734233111143
2,2.5457353591918945,1.0382275581359863,0.6848880052566528,0.4625110328197479,0.28204071521759033,0.2816147208213806,0.24770182371139526,0.2785121500492096,0.2642119526863098,0.35688912868499756
5,2.7800405025482178,1.644485354423523,1.3691737651824951,1.0033422708511353,0.8352081179618835,0.8073849678039551,0.9095790386199951,0.8851443529129028,0.8940268158912659,0.9429756999015808
7,2.914659023284912,2.078399896621704,1.715057373046875,1.3323760032653809,1.3577326536178589,1.3440028429031372,1.3965919017791748,1.3342490196228027,1.3304095268249512,1.3558704853057861
10,3.201507568359375,2.393087387084961,2.1111674308776855,2.121058464050293,2.1264121532440186,2.175417423248291,2.1813271045684814,2.0313544273376465,1.9584403038024902,1.9300402402877808
15,3.449864387512207,3.3389267921447754,3.337209701538086,3.3326990604400635,3.221773624420166,3.3216516971588135,3.085371494293213,2.9147591590881348,2.8974180221557617,2.882922410964966
20,3.9135937690734863,4.140088081359863,4.209209442138672,4.024636745452881,3.9462506771087646,3.715451240539551,3.554489850997925,3.7796454429626465,3.7260241508483887,3.558506965637207
