,quadratic_2,quadratic_5,quadratic_7,quadratic_10,quadratic_15,quadratic_20,quadratic_25,quadratic_30,quadratic_35
0,0.06420384625294012,0.008280077307237097,0.003392198948746602,0.004189960774161951,0.0019256626769508535,0.0023484275806272426,0.0013345576930443557,0.00111576018549526,0.0017707138043627747
2,0.3475926051399555,0.12196032400419551,0.08724626541491554,0.02584190470748806,0.03266969275418718,0.04629149901808576,0.02201675430344953,0.019241885580861748,0.011299947225745234
5,0.31000451581419286,0.09281026715610374,0.15233837646973006,0.10442742836808323,0.04888678122015474,0.07499909612971087,0.021570519409920885,0.03167455735424942,0.06292085262802606
7,0.31073206488285693,0.1659007664929145,0.17124729519692616,0.05171468706766219,0.09563770985548091,0.1305354416644293,0.06405051423380688,0.101610088295548,0.12718470155384531
10,0.37033679022603583,0.0925131459685217,0.1737993146988251,0.19084955000716203,0.09823037976881503,0.06420094074812278,0.05792996837605937,0.09463924245460584,0.07428245603211556
15,0.3751165322426069,0.334458310597197,0.09410061117508552,0.12594575698132252,0.12939850963260324,0.08276444426615145,0.10793080744160549,0.12949368490737664,0.1540171718219856
20,0.19780540850788816,0.2066982257934928,0.2107213770212302,0.138889447742463,0.15892510257861697,0.1606664595804715,0.11190922322475852,0.3324586835386895,0.17635193396089272
25,0.26844939948448093,0.2453335763418565,0.16279011704186952,0.18857214069451264,0.1945395944371944,0.2745604757955646,0.14531982303936747,0.19635965330118824,0.18526209097937513
30,0.36373724257754214,0.2862810156686251,0.1664465215904388,0.14629543291381256,0.17986523573320629,0.1085410300932649,0.1622358853339607,0.2290822882182684,0.12587530515350398
