linear_examples,quadratic_2,quadratic_5,quadratic_7,quadratic_10,quadratic_15,quadratic_20,quadratic_25,quadratic_30,quadratic_35
0,0.9918702840805054,0.025296855717897415,0.020153850317001343,0.009806502610445023,0.007328404579311609,0.004794102627784014,0.005788926500827074,0.007053752429783344,0.0053567299619317055
2,2.1215739250183105,0.8846308588981628,0.554888129234314,0.388264924287796,0.20906901359558105,0.22132082283496857,0.3869756758213043,0.2564939856529236,0.20852935314178467
5,2.285191535949707,1.4624853134155273,1.3218944072723389,1.227787733078003,0.9444177746772766,0.8645626306533813,0.7638506889343262,0.7497724294662476,0.7885833978652954
7,3.10326886177063,2.4132275581359863,1.671898603439331,1.5650662183761597,1.250610589981079,1.4879924058914185,1.348041296005249,1.4770724773406982,1.3648018836975098
10,3.770678758621216,2.6775152683258057,1.7621946334838867,1.9970487356185913,1.9059280157089233,1.922737717628479,2.0290935039520264,1.9442466497421265,2.3990256786346436
15,2.8305675983428955,3.3369147777557373,3.0896334648132324,3.1302311420440674,3.241950273513794,3.754289150238037,2.9946274757385254,3.344879627227783,2.685493230819702
20,4.467793941497803,4.1980180740356445,4.086048603057861,4.215889930725098,4.142930507659912,4.16898775100708,4.1345720291137695,3.615199327468872,3.085937976837158
25,4.382293701171875,4.380239486694336,4.206916332244873,3.492554187774658,3.9818012714385986,4.484610080718994,3.327871799468994,4.116001129150391,3.1352453231811523
30,3.8987762928009033,4.2501220703125,3.5218422412872314,3.710759401321411,3.9962165355682373,3.494880199432373,3.880028486251831,3.8555049896240234,3.045132637023926
