linear_examples,quadratic_2,quadratic_5,quadratic_7,quadratic_10,quadratic_15,quadratic_20,quadratic_25,quadratic_30,quadratic_35
0,0.3502020239830017,0.04752635210752487,0.025904763489961624,0.021367138251662254,0.014371434226632118,0.012621280737221241,0.010775385424494743,0.00970085896551609,0.010349785909056664
2,2.800713300704956,0.8185290098190308,0.529839813709259,0.21094012260437012,0.16315458714962006,0.16262286901474,0.10984568297863007,0.0832568109035492,0.0650913417339325
5,2.395218849182129,0.8599796295166016,0.8040277361869812,0.615469753742218,0.3387073278427124,0.31179091334342957,0.17203298211097717,0.21840183436870575,0.23008672893047333
7,2.290773868560791,1.3690277338027954,1.0727959871292114,0.5300737619400024,0.5791753530502319,0.5928587913513184,0.3812463879585266,0.34638652205467224,1.0539638996124268
10,2.1395103931427,1.2526416778564453,1.32997727394104,1.0056995153427124,0.6285367608070374,0.43985113501548767,0.4011768698692322,0.5037813782691956,0.9241052865982056
15,2.4598774909973145,1.9259355068206787,1.1220622062683105,1.0965912342071533,0.9807133674621582,0.6907007098197937,0.7831510305404663,1.1077611446380615,1.2161824703216553
20,1.8502556085586548,1.700810432434082,1.9603805541992188,1.2716174125671387,1.2044799327850342,0.9656545519828796,1.4150793552398682,1.8300950527191162,1.450674057006836
25,2.463003635406494,1.9637963771820068,1.6530624628067017,1.5341079235076904,1.4290106296539307,2.2406105995178223,1.6180528402328491,1.5135351419448853,1.5748960971832275
30,2.4540858268737793,1.7305320501327515,1.6231638193130493,1.4519001245498657,2.0572845935821533,2.0498294830322266,1.6676368713378906,1.728740930557251,1.5002520084381104
